<?xml version="1.0" encoding="UTF-8"?><!-- Licensed Materials - Property of IBM
			 5725-G92 (C) Copyright IBM Corp. 2006, 2013. All Rights Reserved.
			 US Government Users Restricted Rights - Use, duplication or
             disclosure restricted by GSA ADP Schedule Contract with IBM Corp. --><!-- Attribute "id" must be identical to application folder name --><application id="ExpensesApp" platformVersion="6.0.0" xmlns="http://www.worklight.com/application-descriptor">
    <displayName>ExpensesApp</displayName>
    <description>ExpensesApp</description>
    <author>
        <name>application's author</name>
        <email>application author's e-mail</email>
        <homepage>http://mycompany.com</homepage>
        <copyright>Copyright My Company</copyright>
    </author>
    <mainFile>ExpensesApp.html</mainFile>
    <features/>
    <thumbnailImage>common/images/thumbnail.png</thumbnailImage>
    <iphone bundleId="com.ExpensesApp" version="1.0">
        <worklightSettings include="true"/>
        <security>
            <encryptWebResources enabled="false"/>
            <testWebResourcesChecksum enabled="false" ignoreFileExtensions="png, jpg, jpeg, gif, mp4, mp3"/>
        </security>
    </iphone>
    <android version="1.0">
        <worklightSettings include="true"/>
        <security>
            <encryptWebResources enabled="false"/>
            <testWebResourcesChecksum enabled="false" ignoreFileExtensions="png, jpg, jpeg, gif, mp4, mp3"/>
            <publicSigningKey>Replace this text with the actual public signing key of the certificate used to sign the APK, available by using the 'Extract public signing key' wizard.</publicSigningKey>
        </security>
    </android>
</application>